Date,Category,Amount,Label,Anomaly_Score
2025-01-01,Transport,21.62,Normal,1
2025-01-01,Entertainment,16.41,Normal,-1
2025-01-01,Shopping,15.85,Normal,1
2025-01-01,Shopping,19.9,Normal,1
2025-01-01,Transport,11.02,Normal,1
2025-01-03,Entertainment,70.47,Normal,-1
2025-01-04,Utilities,26.79,Normal,1
2025-01-04,Rent,1500.0,Normal,-1
2025-01-05,Food,30.67,Normal,1
2025-01-05,Transport,33.87,Normal,1
2025-01-05,Transport,18.81,Normal,1
2025-01-05,Transport,85.76,Normal,1
2025-01-06,Rent,1500.0,Normal,-1
2025-01-06,Rent,1500.0,Normal,-1
2025-01-06,Utilities,150.0,Anomaly_Double,-1
2025-01-06,Utilities,150.0,Anomaly_Double,-1
2025-01-07,Shopping,35.71,Normal,1
2025-01-07,Food,14.35,Normal,1
2025-01-07,Shopping,90.33,Normal,1
2025-01-07,Transport,37.38,Normal,1
2025-01-08,Shopping,81.57,Normal,1
2025-01-08,Entertainment,51.05,Normal,1
2025-01-09,Food,19.31,Normal,1
2025-01-09,Entertainment,90.45,Normal,-1
2025-01-10,Utilities,24.47,Normal,1
2025-01-10,Shopping,28.57,Normal,1
2025-01-10,Shopping,94.73,Normal,1
2025-01-10,Shopping,30.58,Normal,1
2025-01-11,Entertainment,72.83,Normal,1
2025-01-11,Food,22.89,Normal,1
2025-01-11,Utilities,27.16,Normal,1
2025-01-11,Transport,82.84,Normal,1
2025-01-12,Entertainment,22.38,Normal,1
2025-01-12,Rent,1500.0,Normal,-1
2025-01-13,Utilities,53.61,Normal,1
2025-01-14,Rent,1500.0,Normal,-1
2025-01-14,Entertainment,50.7,Normal,1
2025-01-14,Rent,1500.0,Normal,-1
2025-01-15,Entertainment,10.42,Normal,1
2025-01-16,Entertainment,22.06,Normal,1
2025-01-17,Entertainment,42.62,Normal,1
2025-01-17,Transport,95.03,Normal,1
2025-01-17,Utilities,43.8,Normal,1
2025-01-17,Entertainment,37.86,Normal,1
2025-01-17,Shopping,4732.019203831294,Anomaly_Splurge,-1
2025-01-17,Shopping,4426.209909787829,Anomaly_Splurge,-1
2025-01-18,Food,15.86,Normal,1
2025-01-18,Entertainment,40.14,Normal,1
2025-01-18,Shopping,61.87,Normal,1
2025-01-19,Food,18.99,Normal,1
2025-01-19,Transport,31.82,Normal,1
2025-01-19,Transport,67.7,Normal,1
2025-01-19,Entertainment,20.22,Normal,1
2025-01-21,Rent,1500.0,Normal,1
2025-01-21,Rent,1500.0,Normal,1
2025-01-21,Utilities,42.04,Normal,1
2025-01-21,Entertainment,84.38,Normal,1
2025-01-21,Shopping,34.61,Normal,1
2025-01-21,Utilities,12.44,Normal,1
2025-01-22,Entertainment,12.83,Normal,1
2025-01-22,Shopping,31.77,Normal,1
2025-01-22,Food,21.61,Normal,1
2025-01-22,Rent,1500.0,Normal,1
2025-01-23,Food,10.24,Normal,1
2025-01-23,Utilities,45.32,Normal,1
2025-01-23,Food,14.37,Normal,1
2025-01-23,Transport,61.7,Normal,1
2025-01-24,Shopping,2620.816162505711,Anomaly_Splurge,-1
2025-01-26,Food,15.96,Normal,1
2025-01-26,Rent,1500.0,Normal,1
2025-01-26,Rent,1500.0,Normal,1
2025-01-26,Transport,88.91,Normal,1
2025-01-26,Entertainment,72.46,Normal,1
2025-01-27,Utilities,26.34,Normal,1
2025-01-27,Shopping,58.54,Normal,1
2025-01-27,Shopping,67.02,Normal,1
2025-01-28,Entertainment,74.1,Normal,1
2025-01-28,Transport,83.3,Normal,1
2025-01-28,Transport,89.85,Normal,1
2025-01-29,Entertainment,35.28,Normal,1
2025-01-29,Transport,15.72,Normal,1
2025-01-29,Shopping,56.81,Normal,1
2025-01-29,Transport,64.68,Normal,1
2025-01-30,Food,24.44,Normal,1
2025-01-30,Entertainment,35.66,Normal,1
2025-01-31,Entertainment,41.11,Normal,1
2025-01-31,Transport,19.65,Normal,1
2025-01-31,Entertainment,31.35,Normal,1
2025-02-01,Transport,96.5,Normal,1
2025-02-01,Utilities,15.07,Normal,1
2025-02-01,Transport,63.58,Normal,1
2025-02-01,Food,21.37,Normal,1
2025-02-02,Shopping,2426.4175040131768,Anomaly_Splurge,-1
2025-02-02,Utilities,24.04,Normal,1
2025-02-03,Shopping,65.83,Normal,1
2025-02-03,Food,12.82,Normal,1
2025-02-03,Transport,66.87,Normal,1
2025-02-04,Rent,1500.0,Normal,1
2025-02-04,Rent,1500.0,Normal,1
2025-02-04,Entertainment,60.48,Normal,1
2025-02-04,Food,21.45,Normal,1
2025-02-04,Shopping,67.9,Normal,1
2025-02-04,Rent,1500.0,Normal,1
2025-02-05,Shopping,96.91,Normal,1
2025-02-05,Food,24.62,Normal,1
2025-02-05,Shopping,63.17,Normal,1
2025-02-05,Rent,1500.0,Normal,1
2025-02-06,Shopping,95.86,Normal,1
2025-02-06,Food,20.51,Normal,1
2025-02-06,Rent,1500.0,Normal,1
2025-02-07,Shopping,35.54,Normal,1
2025-02-07,Shopping,65.35,Normal,1
2025-02-08,Entertainment,36.29,Normal,1
2025-02-10,Transport,94.45,Normal,1
2025-02-10,Food,19.64,Normal,1
2025-02-10,Shopping,65.07,Normal,1
2025-02-10,Utilities,18.21,Normal,1
2025-02-11,Food,26.92,Normal,1
2025-02-12,Transport,46.07,Normal,1
2025-02-12,Entertainment,88.04,Normal,1
2025-02-13,Utilities,23.65,Normal,1
2025-02-13,Shopping,92.34,Normal,1
2025-02-14,Utilities,150.0,Anomaly_Double,1
2025-02-14,Utilities,150.0,Anomaly_Double,1
2025-02-14,Entertainment,77.27,Normal,1
2025-02-14,Utilities,150.0,Anomaly_Double,1
2025-02-14,Utilities,150.0,Anomaly_Double,1
2025-02-14,Shopping,57.21,Normal,1
2025-02-14,Rent,1500.0,Normal,1
2025-02-15,Entertainment,65.64,Normal,1
2025-02-16,Shopping,86.18,Normal,1
2025-02-16,Utilities,46.93,Normal,1
2025-02-17,Transport,76.41,Normal,1
2025-02-17,Transport,54.85,Normal,1
2025-02-18,Shopping,41.11,Normal,1
2025-02-18,Rent,1500.0,Normal,1
2025-02-18,Rent,1500.0,Normal,1
2025-02-19,Rent,1500.0,Normal,1
2025-02-19,Food,15.51,Normal,1
2025-02-19,Food,17.34,Normal,1
2025-02-19,Shopping,34.96,Normal,1
2025-02-20,Transport,64.52,Normal,1
2025-02-21,Rent,1500.0,Normal,1
2025-02-21,Shopping,82.89,Normal,1
2025-02-22,Entertainment,61.92,Normal,1
2025-02-22,Transport,57.2,Normal,1
2025-02-22,Rent,1500.0,Normal,1
2025-02-23,Entertainment,97.7,Normal,1
2025-02-23,Shopping,48.88,Normal,1
2025-02-23,Entertainment,73.65,Normal,1
2025-02-23,Entertainment,88.43,Normal,1
2025-02-23,Food,17.84,Normal,1
2025-02-23,Transport,38.62,Normal,1
2025-02-24,Entertainment,97.24,Normal,1
2025-02-26,Food,20.67,Normal,1
2025-02-26,Entertainment,25.59,Normal,1
2025-02-26,Rent,1500.0,Normal,1
2025-02-26,Rent,1500.0,Normal,1
2025-02-28,Food,22.01,Normal,1
2025-02-28,Shopping,80.67,Normal,1
2025-03-01,Shopping,82.67,Normal,1
2025-03-02,Utilities,21.19,Normal,1
2025-03-02,Food,25.9,Normal,1
2025-03-03,Utilities,26.36,Normal,1
2025-03-03,Entertainment,14.09,Normal,1
2025-03-03,Utilities,68.07,Normal,1
2025-03-03,Utilities,49.52,Normal,1
2025-03-04,Entertainment,83.31,Normal,1
2025-03-04,Rent,1500.0,Normal,1
2025-03-05,Transport,92.97,Normal,1
2025-03-05,Food,17.53,Normal,1
2025-03-05,Entertainment,15.5,Normal,1
2025-03-06,Shopping,91.76,Normal,1
2025-03-06,Transport,72.14,Normal,1
2025-03-06,Transport,90.12,Normal,1
2025-03-06,Transport,45.3,Normal,1
2025-03-06,Rent,1500.0,Normal,1
2025-03-06,Entertainment,79.21,Normal,1
2025-03-07,Utilities,19.13,Normal,1
2025-03-07,Transport,91.98,Normal,1
2025-03-08,Food,31.38,Normal,1
2025-03-08,Shopping,24.46,Normal,1
2025-03-09,Shopping,83.24,Normal,1
2025-03-09,Entertainment,23.73,Normal,1
2025-03-09,Food,22.02,Normal,1
2025-03-10,Rent,1500.0,Normal,1
2025-03-10,Shopping,38.05,Normal,1
2025-03-11,Rent,1500.0,Normal,1
2025-03-11,Transport,97.26,Normal,1
2025-03-11,Food,12.96,Normal,1
2025-03-11,Utilities,82.33,Normal,1
2025-03-11,Utilities,21.48,Normal,1
2025-03-11,Food,30.38,Normal,1
2025-03-12,Entertainment,69.3,Normal,1
2025-03-12,Utilities,69.72,Normal,1
2025-03-12,Transport,86.47,Normal,1
2025-03-13,Food,21.16,Normal,1
2025-03-14,Entertainment,65.64,Normal,1
2025-03-14,Utilities,95.4,Normal,1
2025-03-14,Shopping,73.56,Normal,1
2025-03-15,Utilities,84.59,Normal,1
2025-03-15,Utilities,15.98,Normal,1
2025-03-16,Rent,1500.0,Normal,1
2025-03-16,Utilities,91.68,Normal,1
2025-03-17,Utilities,36.21,Normal,1
2025-03-17,Utilities,12.75,Normal,1
2025-03-17,Shopping,39.58,Normal,1
2025-03-17,Entertainment,58.84,Normal,1
2025-03-18,Food,21.81,Normal,1
2025-03-18,Transport,63.47,Normal,1
2025-03-18,Food,14.37,Normal,1
2025-03-18,Transport,55.68,Normal,1
2025-03-19,Food,23.1,Normal,1
2025-03-19,Utilities,91.37,Normal,1
2025-03-19,Shopping,99.72,Normal,1
2025-03-19,Food,24.78,Normal,1
2025-03-20,Transport,67.78,Normal,1
2025-03-20,Food,20.73,Normal,1
2025-03-20,Utilities,91.84,Normal,1
2025-03-20,Rent,1500.0,Normal,1
2025-03-20,Entertainment,99.1,Normal,1
2025-03-21,Rent,1500.0,Normal,1
2025-03-21,Transport,22.61,Normal,1
2025-03-22,Utilities,27.97,Normal,1
2025-03-22,Transport,17.32,Normal,1
2025-03-22,Entertainment,11.3,Normal,1
2025-03-23,Shopping,35.08,Normal,1
2025-03-23,Transport,12.28,Normal,1
2025-03-23,Entertainment,42.78,Normal,1
2025-03-24,Entertainment,29.98,Normal,1
2025-03-24,Rent,1500.0,Normal,1
2025-03-25,Shopping,26.83,Normal,1
2025-03-25,Rent,1500.0,Normal,1
2025-03-25,Rent,1500.0,Normal,1
2025-03-25,Rent,1500.0,Normal,1
2025-03-25,Entertainment,94.58,Normal,1
2025-03-26,Entertainment,63.32,Normal,1
2025-03-26,Entertainment,34.42,Normal,1
2025-03-26,Transport,97.29,Normal,1
2025-03-26,Entertainment,25.35,Normal,1
2025-03-26,Transport,59.43,Normal,1
2025-03-26,Shopping,2169.9152755444347,Anomaly_Splurge,-1
2025-03-27,Food,21.3,Normal,1
2025-03-28,Food,15.8,Normal,1
2025-03-28,Rent,1500.0,Normal,1
2025-03-29,Entertainment,61.37,Normal,1
2025-03-29,Food,18.81,Normal,1
2025-03-29,Rent,1500.0,Normal,1
2025-03-29,Transport,69.4,Normal,1
2025-03-29,Entertainment,50.27,Normal,1
2025-03-30,Rent,1500.0,Normal,1
2025-03-30,Utilities,40.79,Normal,1
2025-03-31,Transport,44.28,Normal,1
2025-03-31,Utilities,98.76,Normal,1
2025-04-01,Shopping,31.56,Normal,1
2025-04-01,Shopping,94.64,Normal,1
2025-04-02,Shopping,56.47,Normal,1
2025-04-02,Rent,1500.0,Normal,1
2025-04-02,Utilities,93.02,Normal,1
2025-04-03,Entertainment,66.8,Normal,1
2025-04-03,Food,21.08,Normal,1
2025-04-04,Utilities,39.47,Normal,1
2025-04-05,Entertainment,97.83,Normal,1
2025-04-05,Transport,14.18,Normal,1
2025-04-05,Shopping,91.1,Normal,1
2025-04-05,Shopping,88.62,Normal,1
2025-04-05,Rent,1500.0,Normal,1
2025-04-05,Utilities,25.51,Normal,1
2025-04-06,Utilities,150.0,Anomaly_Double,1
2025-04-06,Utilities,150.0,Anomaly_Double,1
2025-04-06,Utilities,50.36,Normal,1
2025-04-06,Rent,1500.0,Normal,1
2025-04-07,Food,24.87,Normal,1
2025-04-08,Rent,1500.0,Normal,1
2025-04-08,Utilities,150.0,Anomaly_Double,1
2025-04-08,Rent,1500.0,Normal,1
2025-04-08,Rent,1500.0,Normal,1
2025-04-08,Utilities,150.0,Anomaly_Double,1
2025-04-09,Entertainment,43.2,Normal,1
2025-04-09,Rent,1500.0,Normal,1
2025-04-09,Rent,1500.0,Normal,1
2025-04-09,Transport,57.82,Normal,1
2025-04-10,Rent,1500.0,Normal,1
2025-04-10,Food,18.93,Normal,1
2025-04-10,Food,18.99,Normal,1
2025-04-10,Rent,1500.0,Normal,1
2025-04-11,Entertainment,39.78,Normal,1
2025-04-11,Shopping,41.43,Normal,1
2025-04-11,Shopping,48.17,Normal,1
2025-04-11,Transport,80.97,Normal,1
2025-04-12,Rent,1500.0,Normal,1
2025-04-12,Rent,1500.0,Normal,1
2025-04-13,Utilities,33.21,Normal,1
2025-04-14,Food,10.98,Normal,1
2025-04-14,Shopping,99.37,Normal,1
2025-04-14,Transport,68.68,Normal,1
2025-04-14,Transport,77.5,Normal,1
2025-04-15,Transport,66.91,Normal,1
2025-04-15,Utilities,48.44,Normal,1
2025-04-15,Rent,1500.0,Normal,1
2025-04-15,Shopping,62.72,Normal,1
2025-04-15,Entertainment,66.18,Normal,1
2025-04-16,Food,24.67,Normal,1
2025-04-16,Transport,73.22,Normal,1
2025-04-17,Utilities,29.99,Normal,1
2025-04-17,Shopping,91.74,Normal,1
2025-04-18,Transport,17.68,Normal,1
2025-04-18,Shopping,4929.070280822314,Anomaly_Splurge,-1
2025-04-18,Rent,1500.0,Normal,1
2025-04-18,Transport,75.61,Normal,1
2025-04-19,Utilities,43.09,Normal,1
2025-04-20,Entertainment,87.47,Normal,1
2025-04-20,Utilities,150.0,Anomaly_Double,1
2025-04-20,Shopping,3907.8090428337055,Anomaly_Splurge,-1
2025-04-20,Food,21.4,Normal,1
2025-04-20,Utilities,150.0,Anomaly_Double,1
2025-04-20,Food,12.96,Normal,1
2025-04-20,Transport,35.37,Normal,1
2025-04-21,Utilities,48.48,Normal,1
2025-04-21,Transport,22.87,Normal,1
2025-04-22,Transport,83.49,Normal,1
2025-04-22,Rent,1500.0,Normal,1
2025-04-23,Rent,1500.0,Normal,1
2025-04-23,Shopping,83.62,Normal,1
2025-04-24,Entertainment,82.91,Normal,1
2025-04-24,Utilities,60.26,Normal,1
2025-04-24,Food,27.9,Normal,1
2025-04-25,Entertainment,57.49,Normal,1
2025-04-25,Transport,59.85,Normal,1
2025-04-26,Food,20.38,Normal,1
2025-04-26,Rent,1500.0,Normal,1
2025-04-26,Rent,1500.0,Normal,1
2025-04-26,Utilities,150.0,Anomaly_Double,1
2025-04-26,Utilities,150.0,Anomaly_Double,1
2025-04-27,Rent,1500.0,Normal,1
2025-04-27,Entertainment,49.37,Normal,1
2025-04-29,Utilities,79.94,Normal,1
2025-04-29,Entertainment,80.53,Normal,1
2025-04-30,Shopping,71.58,Normal,1
2025-04-30,Entertainment,61.31,Normal,1
2025-04-30,Rent,1500.0,Normal,1
2025-04-30,Rent,1500.0,Normal,1
2025-04-30,Transport,93.39,Normal,1
2025-05-01,Utilities,84.92,Normal,1
2025-05-02,Utilities,30.51,Normal,1
2025-05-02,Rent,1500.0,Normal,1
2025-05-02,Food,12.43,Normal,1
2025-05-02,Shopping,20.19,Normal,1
2025-05-03,Entertainment,18.38,Normal,1
2025-05-03,Entertainment,94.62,Normal,1
2025-05-04,Shopping,51.73,Normal,1
2025-05-04,Entertainment,14.66,Normal,1
2025-05-05,Transport,79.76,Normal,1
2025-05-05,Rent,1500.0,Normal,1
2025-05-06,Rent,1500.0,Normal,1
2025-05-06,Shopping,23.04,Normal,1
2025-05-06,Food,16.61,Normal,1
2025-05-07,Utilities,77.96,Normal,1
2025-05-07,Entertainment,72.62,Normal,1
2025-05-07,Food,22.74,Normal,1
2025-05-08,Utilities,30.18,Normal,1
2025-05-08,Utilities,55.31,Normal,1
2025-05-09,Food,19.25,Normal,1
2025-05-09,Entertainment,56.65,Normal,1
2025-05-10,Utilities,38.05,Normal,1
2025-05-11,Rent,1500.0,Normal,1
2025-05-11,Utilities,150.0,Anomaly_Double,1
2025-05-11,Utilities,150.0,Anomaly_Double,1
2025-05-11,Shopping,53.3,Normal,1
2025-05-11,Entertainment,41.8,Normal,1
2025-05-11,Food,24.02,Normal,1
2025-05-12,Food,21.56,Normal,1
2025-05-12,Entertainment,14.08,Normal,1
2025-05-13,Rent,1500.0,Normal,1
2025-05-14,Rent,1500.0,Normal,1
2025-05-14,Shopping,23.97,Normal,1
2025-05-15,Utilities,45.91,Normal,1
2025-05-15,Entertainment,25.25,Normal,1
2025-05-16,Entertainment,98.79,Normal,1
2025-05-16,Shopping,62.82,Normal,1
2025-05-16,Rent,1500.0,Normal,1
2025-05-16,Food,19.69,Normal,1
2025-05-17,Food,24.82,Normal,1
2025-05-17,Entertainment,21.47,Normal,1
2025-05-17,Transport,25.94,Normal,1
2025-05-17,Utilities,55.24,Normal,1
2025-05-18,Rent,1500.0,Normal,1
2025-05-18,Entertainment,78.42,Normal,1
2025-05-19,Food,15.77,Normal,1
2025-05-19,Entertainment,89.84,Normal,1
2025-05-20,Shopping,2032.853062197035,Anomaly_Splurge,-1
2025-05-20,Transport,54.29,Normal,1
2025-05-20,Shopping,96.62,Normal,1
2025-05-20,Rent,1500.0,Normal,1
2025-05-20,Entertainment,81.53,Normal,1
2025-05-21,Utilities,13.09,Normal,1
2025-05-21,Utilities,95.85,Normal,1
2025-05-22,Utilities,70.53,Normal,1
2025-05-22,Rent,1500.0,Normal,1
2025-05-22,Shopping,3088.4866971817123,Anomaly_Splurge,-1
2025-05-23,Utilities,94.25,Normal,1
2025-05-23,Transport,42.35,Normal,1
2025-05-24,Rent,1500.0,Normal,1
2025-05-25,Food,20.09,Normal,1
2025-05-25,Shopping,76.38,Normal,1
2025-05-25,Utilities,30.21,Normal,1
2025-05-26,Shopping,67.16,Normal,1
2025-05-26,Shopping,46.94,Normal,1
2025-05-26,Transport,20.08,Normal,1
2025-05-26,Food,16.18,Normal,1
2025-05-27,Utilities,23.49,Normal,1
2025-05-27,Shopping,21.6,Normal,1
2025-05-27,Rent,1500.0,Normal,1
2025-05-28,Transport,86.6,Normal,1
2025-05-28,Rent,1500.0,Normal,1
2025-05-29,Rent,1500.0,Normal,1
2025-05-29,Entertainment,39.59,Normal,1
2025-05-30,Rent,1500.0,Normal,1
2025-05-30,Transport,60.11,Normal,1
2025-05-31,Rent,1500.0,Normal,1
2025-05-31,Rent,1500.0,Normal,1
2025-06-01,Utilities,150.0,Anomaly_Double,1
2025-06-01,Utilities,150.0,Anomaly_Double,1
2025-06-01,Shopping,4894.699561624771,Anomaly_Splurge,-1
2025-06-02,Utilities,37.08,Normal,1
2025-06-02,Entertainment,67.37,Normal,1
2025-06-03,Utilities,150.0,Anomaly_Double,1
2025-06-03,Utilities,150.0,Anomaly_Double,1
2025-06-03,Utilities,93.22,Normal,1
2025-06-04,Shopping,23.38,Normal,1
2025-06-04,Shopping,52.5,Normal,1
2025-06-04,Utilities,47.76,Normal,1
2025-06-05,Rent,1500.0,Normal,1
2025-06-05,Transport,25.97,Normal,1
2025-06-06,Rent,1500.0,Normal,1
2025-06-06,Food,20.88,Normal,1
2025-06-06,Transport,77.09,Normal,1
2025-06-07,Entertainment,55.77,Normal,1
2025-06-07,Transport,26.37,Normal,1
2025-06-07,Utilities,69.28,Normal,1
2025-06-08,Food,11.11,Normal,1
2025-06-08,Transport,17.22,Normal,1
2025-06-09,Utilities,44.98,Normal,1
2025-06-10,Food,20.64,Normal,1
2025-06-10,Entertainment,42.97,Normal,1
2025-06-10,Shopping,32.3,Normal,1
2025-06-11,Food,19.96,Normal,1
2025-06-11,Rent,1500.0,Normal,1
2025-06-11,Rent,1500.0,Normal,1
2025-06-11,Shopping,81.24,Normal,1
2025-06-12,Utilities,50.58,Normal,1
2025-06-12,Transport,69.72,Normal,1
2025-06-13,Transport,58.85,Normal,1
2025-06-13,Rent,1500.0,Normal,1
2025-06-13,Utilities,150.0,Anomaly_Double,1
2025-06-13,Utilities,150.0,Anomaly_Double,1
2025-06-13,Rent,1500.0,Normal,1
2025-06-14,Transport,23.24,Normal,1
2025-06-14,Utilities,88.95,Normal,1
2025-06-14,Shopping,4479.823473507115,Anomaly_Splurge,-1
2025-06-14,Utilities,92.19,Normal,1
2025-06-14,Utilities,90.53,Normal,1
2025-06-14,Entertainment,57.94,Normal,1
2025-06-14,Rent,1500.0,Normal,1
2025-06-15,Entertainment,90.75,Normal,1
2025-06-16,Shopping,20.69,Normal,1
2025-06-16,Utilities,65.43,Normal,1
2025-06-17,Transport,92.34,Normal,1
2025-06-17,Utilities,72.71,Normal,1
2025-06-17,Transport,14.63,Normal,1
2025-06-17,Rent,1500.0,Normal,1
2025-06-17,Shopping,51.01,Normal,1
2025-06-18,Utilities,150.0,Anomaly_Double,1
2025-06-18,Utilities,150.0,Anomaly_Double,1
2025-06-19,Entertainment,58.66,Normal,1
2025-06-19,Transport,95.94,Normal,1
2025-06-19,Utilities,68.13,Normal,1
2025-06-19,Transport,24.78,Normal,1
2025-06-21,Utilities,49.74,Normal,1
2025-06-21,Entertainment,39.07,Normal,1
2025-06-21,Entertainment,32.44,Normal,1
2025-06-21,Transport,35.64,Normal,1
2025-06-21,Entertainment,26.79,Normal,1
2025-06-22,Transport,58.25,Normal,1
2025-06-22,Utilities,25.87,Normal,1
2025-06-22,Utilities,74.19,Normal,1
2025-06-23,Rent,1500.0,Normal,1
2025-06-23,Utilities,60.84,Normal,1
2025-06-23,Entertainment,11.85,Normal,1
2025-06-23,Food,22.88,Normal,1
2025-06-24,Food,23.63,Normal,1
2025-06-24,Entertainment,83.15,Normal,1
2025-06-25,Transport,56.26,Normal,1
2025-06-25,Utilities,96.69,Normal,1
2025-06-25,Transport,10.46,Normal,1
2025-06-26,Transport,35.38,Normal,1
2025-06-27,Shopping,92.88,Normal,1
2025-06-28,Transport,26.64,Normal,1
2025-06-28,Rent,1500.0,Normal,1
2025-06-28,Shopping,20.54,Normal,1
2025-06-28,Transport,22.58,Normal,1
2025-06-29,Food,14.71,Normal,1
2025-06-29,Transport,70.98,Normal,1
2025-06-30,Rent,1500.0,Normal,1
2025-06-30,Rent,1500.0,Normal,1
2025-06-30,Shopping,26.79,Normal,1
2025-06-30,Transport,57.89,Normal,1
2025-06-30,Shopping,4868.060705654421,Anomaly_Splurge,-1
2025-06-30,Shopping,78.54,Normal,1
2025-06-30,Rent,1500.0,Normal,1
2025-06-30,Entertainment,55.47,Normal,1
2025-07-01,Rent,1500.0,Normal,1
2025-07-01,Transport,82.62,Normal,1
2025-07-02,Food,24.91,Normal,1
2025-07-02,Shopping,20.76,Normal,1
2025-07-02,Shopping,93.64,Normal,1
2025-07-02,Shopping,32.92,Normal,1
2025-07-02,Transport,56.69,Normal,1
2025-07-03,Entertainment,30.9,Normal,1
2025-07-03,Utilities,55.28,Normal,1
2025-07-03,Shopping,40.7,Normal,1
2025-07-03,Transport,81.46,Normal,1
2025-07-04,Shopping,56.05,Normal,1
2025-07-04,Utilities,44.55,Normal,1
2025-07-04,Food,27.4,Normal,1
2025-07-04,Rent,1500.0,Normal,1
2025-07-05,Utilities,12.29,Normal,1
2025-07-05,Utilities,150.0,Anomaly_Double,1
2025-07-05,Utilities,63.88,Normal,1
2025-07-05,Utilities,150.0,Anomaly_Double,1
2025-07-06,Food,20.3,Normal,1
2025-07-06,Shopping,69.42,Normal,1
2025-07-06,Entertainment,77.56,Normal,1
2025-07-06,Transport,22.53,Normal,1
2025-07-06,Entertainment,13.67,Normal,1
2025-07-07,Food,16.89,Normal,1
2025-07-07,Shopping,95.46,Normal,1
2025-07-07,Transport,67.01,Normal,1
2025-07-10,Shopping,66.9,Normal,1
2025-07-10,Entertainment,28.84,Normal,1
2025-07-12,Rent,1500.0,Normal,1
2025-07-12,Utilities,30.38,Normal,1
2025-07-12,Utilities,90.6,Normal,1
2025-07-12,Rent,1500.0,Normal,1
2025-07-12,Shopping,55.14,Normal,1
2025-07-13,Entertainment,72.73,Normal,1
2025-07-13,Food,27.55,Normal,1
2025-07-13,Transport,67.28,Normal,1
2025-07-13,Utilities,66.1,Normal,1
2025-07-14,Utilities,21.52,Normal,1
2025-07-14,Transport,58.92,Normal,1
2025-07-14,Entertainment,25.6,Normal,1
2025-07-14,Transport,10.83,Normal,1
2025-07-15,Shopping,77.34,Normal,1
2025-07-15,Rent,1500.0,Normal,1
2025-07-16,Shopping,87.68,Normal,1
2025-07-16,Entertainment,44.75,Normal,1
2025-07-17,Entertainment,94.55,Normal,1
2025-07-17,Shopping,25.6,Normal,1
2025-07-17,Entertainment,77.18,Normal,1
2025-07-17,Transport,62.05,Normal,1
2025-07-18,Entertainment,84.76,Normal,1
2025-07-18,Food,11.69,Normal,1
2025-07-18,Rent,1500.0,Normal,1
2025-07-18,Rent,1500.0,Normal,1
2025-07-18,Rent,1500.0,Normal,1
2025-07-18,Utilities,96.64,Normal,1
2025-07-19,Shopping,42.23,Normal,1
2025-07-19,Food,16.5,Normal,1
2025-07-19,Utilities,15.91,Normal,1
2025-07-19,Shopping,4426.526900365034,Anomaly_Splurge,-1
2025-07-20,Shopping,17.98,Normal,1
2025-07-20,Transport,90.15,Normal,1
2025-07-20,Rent,1500.0,Normal,1
2025-07-20,Transport,43.74,Normal,1
2025-07-21,Shopping,48.61,Normal,1
2025-07-21,Utilities,22.1,Normal,1
2025-07-21,Utilities,65.81,Normal,1
2025-07-21,Rent,1500.0,Normal,1
2025-07-22,Utilities,97.29,Normal,1
2025-07-22,Utilities,71.34,Normal,1
2025-07-22,Food,13.55,Normal,1
2025-07-22,Rent,1500.0,Normal,1
2025-07-22,Rent,1500.0,Normal,1
2025-07-23,Shopping,79.39,Normal,1
2025-07-24,Transport,34.92,Normal,1
2025-07-25,Shopping,32.52,Normal,1
2025-07-25,Entertainment,16.64,Normal,1
2025-07-25,Food,22.29,Normal,1
2025-07-25,Rent,1500.0,Normal,1
2025-07-26,Shopping,42.42,Normal,1
2025-07-27,Shopping,3867.65739620822,Anomaly_Splurge,-1
2025-07-27,Rent,1500.0,Normal,1
2025-07-28,Transport,74.31,Normal,1
2025-07-29,Food,16.41,Normal,1
2025-07-30,Food,23.84,Normal,1
2025-07-30,Food,27.8,Normal,1
2025-07-30,Entertainment,19.28,Normal,1
2025-07-30,Utilities,77.91,Normal,1
2025-07-31,Transport,83.55,Normal,1
2025-07-31,Food,23.19,Normal,1
2025-07-31,Entertainment,46.79,Normal,1
2025-07-31,Shopping,11.81,Normal,1
2025-07-31,Transport,86.04,Normal,1
2025-07-31,Shopping,20.79,Normal,1
2025-07-31,Shopping,40.42,Normal,1
2025-07-31,Shopping,43.92,Normal,1
2025-07-31,Utilities,45.69,Normal,1
2025-08-01,Shopping,12.28,Normal,1
2025-08-01,Shopping,99.7,Normal,1
2025-08-01,Shopping,98.71,Normal,1
2025-08-01,Rent,1500.0,Normal,1
2025-08-02,Transport,50.8,Normal,1
2025-08-03,Rent,1500.0,Normal,1
2025-08-03,Food,17.78,Normal,1
2025-08-03,Entertainment,96.73,Normal,1
2025-08-03,Transport,31.35,Normal,1
2025-08-03,Rent,1500.0,Normal,1
2025-08-03,Entertainment,95.25,Normal,1
2025-08-04,Shopping,18.46,Normal,1
2025-08-04,Rent,1500.0,Normal,1
2025-08-04,Transport,65.81,Normal,1
2025-08-04,Utilities,81.07,Normal,1
2025-08-05,Food,22.48,Normal,1
2025-08-06,Rent,1500.0,Normal,1
2025-08-06,Utilities,59.97,Normal,1
2025-08-06,Food,16.35,Normal,1
2025-08-06,Entertainment,54.05,Normal,1
2025-08-07,Entertainment,83.97,Normal,1
2025-08-07,Entertainment,72.64,Normal,1
2025-08-07,Rent,1500.0,Normal,1
2025-08-07,Shopping,17.0,Normal,1
2025-08-08,Entertainment,67.01,Normal,1
2025-08-09,Entertainment,95.54,Normal,1
2025-08-09,Utilities,90.65,Normal,1
2025-08-10,Rent,1500.0,Normal,1
2025-08-10,Rent,1500.0,Normal,1
2025-08-10,Entertainment,93.95,Normal,1
2025-08-10,Transport,35.29,Normal,1
2025-08-10,Utilities,90.96,Normal,1
2025-08-11,Entertainment,87.83,Normal,1
2025-08-11,Shopping,58.01,Normal,1
2025-08-11,Shopping,58.37,Normal,1
2025-08-11,Transport,26.61,Normal,1
2025-08-12,Shopping,59.39,Normal,1
2025-08-13,Shopping,18.13,Normal,1
2025-08-13,Utilities,72.18,Normal,1
2025-08-13,Rent,1500.0,Normal,1
2025-08-14,Food,18.64,Normal,1
2025-08-14,Entertainment,31.61,Normal,1
2025-08-16,Entertainment,38.52,Normal,1
2025-08-16,Rent,1500.0,Normal,1
2025-08-17,Entertainment,22.27,Normal,1
2025-08-17,Shopping,83.16,Normal,1
2025-08-17,Rent,1500.0,Normal,1
2025-08-17,Utilities,11.49,Normal,1
2025-08-17,Entertainment,79.8,Normal,1
2025-08-18,Entertainment,37.42,Normal,1
2025-08-18,Utilities,86.77,Normal,1
2025-08-19,Rent,1500.0,Normal,1
2025-08-19,Rent,1500.0,Normal,1
2025-08-20,Utilities,57.67,Normal,1
2025-08-20,Food,21.07,Normal,1
2025-08-20,Shopping,43.96,Normal,1
2025-08-21,Transport,43.34,Normal,1
2025-08-21,Rent,1500.0,Normal,1
2025-08-21,Rent,1500.0,Normal,1
2025-08-21,Food,17.49,Normal,1
2025-08-22,Shopping,4404.402330516185,Anomaly_Splurge,-1
2025-08-22,Transport,23.67,Normal,1
2025-08-22,Food,17.65,Normal,1
2025-08-22,Transport,20.78,Normal,1
2025-08-22,Utilities,19.96,Normal,1
2025-08-22,Utilities,45.81,Normal,1
2025-08-23,Rent,1500.0,Normal,1
2025-08-24,Utilities,150.0,Anomaly_Double,1
2025-08-24,Food,17.2,Normal,1
2025-08-24,Utilities,150.0,Anomaly_Double,1
2025-08-25,Transport,73.18,Normal,1
2025-08-25,Entertainment,70.08,Normal,1
2025-08-25,Utilities,93.3,Normal,1
2025-08-25,Entertainment,59.99,Normal,1
2025-08-25,Utilities,82.76,Normal,1
2025-08-26,Shopping,81.57,Normal,1
2025-08-26,Shopping,15.7,Normal,1
2025-08-27,Food,19.19,Normal,1
2025-08-27,Entertainment,28.15,Normal,1
2025-08-28,Utilities,90.82,Normal,1
2025-08-28,Shopping,18.79,Normal,1
2025-08-28,Shopping,96.6,Normal,1
2025-08-28,Transport,38.8,Normal,1
2025-08-28,Food,27.38,Normal,1
2025-08-28,Food,19.93,Normal,1
2025-08-29,Transport,47.57,Normal,1
2025-08-29,Shopping,51.64,Normal,1
2025-08-29,Transport,72.64,Normal,1
2025-08-30,Shopping,58.22,Normal,1
2025-08-30,Transport,18.75,Normal,1
2025-08-30,Transport,52.18,Normal,1
2025-08-31,Shopping,81.85,Normal,1
2025-09-01,Food,23.71,Normal,1
2025-09-01,Shopping,56.83,Normal,1
2025-09-01,Food,29.36,Normal,1
2025-09-01,Shopping,40.29,Normal,1
2025-09-02,Utilities,38.71,Normal,1
2025-09-02,Shopping,21.44,Normal,1
2025-09-02,Rent,1500.0,Normal,1
2025-09-03,Utilities,49.61,Normal,1
2025-09-03,Food,15.92,Normal,1
2025-09-03,Utilities,79.88,Normal,1
2025-09-03,Entertainment,56.28,Normal,1
2025-09-04,Food,13.52,Normal,1
2025-09-05,Entertainment,13.88,Normal,1
2025-09-06,Food,21.02,Normal,1
2025-09-06,Utilities,56.09,Normal,1
2025-09-06,Entertainment,69.19,Normal,1
2025-09-07,Utilities,98.85,Normal,1
2025-09-07,Shopping,4654.859319726831,Anomaly_Splurge,-1
2025-09-08,Rent,1500.0,Normal,1
2025-09-08,Entertainment,77.71,Normal,1
2025-09-08,Utilities,70.49,Normal,1
2025-09-09,Utilities,96.85,Normal,1
2025-09-09,Utilities,59.89,Normal,1
2025-09-10,Transport,73.37,Normal,1
2025-09-10,Utilities,60.37,Normal,1
2025-09-10,Shopping,95.55,Normal,1
2025-09-10,Utilities,77.58,Normal,1
2025-09-11,Food,22.91,Normal,1
2025-09-11,Shopping,33.24,Normal,1
2025-09-11,Utilities,36.39,Normal,1
2025-09-12,Transport,32.36,Normal,1
2025-09-12,Utilities,28.89,Normal,1
2025-09-12,Entertainment,28.46,Normal,1
2025-09-12,Food,12.76,Normal,1
2025-09-13,Transport,48.85,Normal,1
2025-09-13,Shopping,3292.6989136205325,Anomaly_Splurge,-1
2025-09-14,Shopping,54.44,Normal,1
2025-09-14,Utilities,13.36,Normal,1
2025-09-15,Entertainment,32.66,Normal,1
2025-09-15,Shopping,3378.501027186064,Anomaly_Splurge,-1
2025-09-16,Transport,45.03,Normal,1
2025-09-16,Food,24.24,Normal,1
2025-09-16,Entertainment,24.73,Normal,1
2025-09-17,Transport,52.61,Normal,1
2025-09-17,Transport,14.93,Normal,1
2025-09-18,Utilities,70.18,Normal,1
2025-09-18,Entertainment,75.66,Normal,1
2025-09-18,Utilities,29.03,Normal,1
2025-09-18,Transport,16.83,Normal,1
2025-09-18,Food,18.43,Normal,1
2025-09-19,Transport,59.2,Normal,1
2025-09-19,Utilities,39.29,Normal,1
2025-09-20,Rent,1500.0,Normal,1
2025-09-20,Rent,1500.0,Normal,1
2025-09-20,Entertainment,65.05,Normal,1
2025-09-21,Transport,67.38,Normal,1
2025-09-21,Shopping,41.55,Normal,1
2025-09-22,Entertainment,45.87,Normal,1
2025-09-22,Food,16.38,Normal,1
2025-09-23,Rent,1500.0,Normal,1
2025-09-23,Utilities,150.0,Anomaly_Double,1
2025-09-23,Utilities,150.0,Anomaly_Double,1
2025-09-24,Utilities,55.97,Normal,1
2025-09-24,Transport,20.34,Normal,1
2025-09-24,Food,17.71,Normal,1
2025-09-24,Transport,75.34,Normal,1
2025-09-25,Food,16.19,Normal,1
2025-09-25,Shopping,55.2,Normal,1
2025-09-26,Utilities,82.2,Normal,1
2025-09-26,Entertainment,84.03,Normal,1
2025-09-26,Entertainment,45.84,Normal,1
2025-09-27,Food,27.69,Normal,1
2025-09-27,Shopping,38.29,Normal,1
2025-09-28,Shopping,13.23,Normal,1
2025-09-28,Food,25.9,Normal,1
2025-09-29,Shopping,91.23,Normal,1
2025-09-29,Food,28.38,Normal,1
2025-09-29,Utilities,150.0,Anomaly_Double,1
2025-09-29,Utilities,150.0,Anomaly_Double,1
2025-09-29,Rent,1500.0,Normal,1
2025-09-30,Entertainment,99.1,Normal,1
2025-10-01,Shopping,78.55,Normal,1
2025-10-01,Transport,45.38,Normal,1
2025-10-02,Transport,57.05,Normal,1
2025-10-02,Food,22.37,Normal,1
2025-10-02,Food,11.65,Normal,1
2025-10-03,Shopping,95.51,Normal,1
2025-10-04,Transport,90.2,Normal,1
2025-10-04,Rent,1500.0,Normal,1
2025-10-05,Shopping,24.08,Normal,1
2025-10-05,Transport,61.79,Normal,1
2025-10-06,Shopping,32.66,Normal,1
2025-10-06,Transport,54.25,Normal,1
2025-10-06,Entertainment,47.33,Normal,1
2025-10-07,Shopping,73.27,Normal,1
2025-10-07,Utilities,38.99,Normal,1
2025-10-08,Rent,1500.0,Normal,1
2025-10-08,Rent,1500.0,Normal,1
2025-10-08,Rent,1500.0,Normal,1
2025-10-09,Food,26.0,Normal,1
2025-10-09,Rent,1500.0,Normal,1
2025-10-09,Utilities,30.8,Normal,1
2025-10-09,Transport,42.29,Normal,1
2025-10-10,Food,21.54,Normal,1
2025-10-10,Utilities,54.34,Normal,1
2025-10-11,Food,21.13,Normal,1
2025-10-11,Rent,1500.0,Normal,1
2025-10-11,Shopping,31.78,Normal,1
2025-10-11,Rent,1500.0,Normal,1
2025-10-11,Rent,1500.0,Normal,1
2025-10-11,Rent,1500.0,Normal,1
2025-10-11,Transport,11.09,Normal,1
2025-10-12,Food,32.69,Normal,1
2025-10-13,Entertainment,50.91,Normal,1
2025-10-13,Utilities,29.17,Normal,1
2025-10-13,Transport,51.63,Normal,1
2025-10-13,Rent,1500.0,Normal,1
2025-10-13,Shopping,20.21,Normal,1
2025-10-14,Food,24.5,Normal,1
2025-10-14,Shopping,63.18,Normal,1
2025-10-15,Utilities,67.96,Normal,1
2025-10-15,Shopping,3369.757088231336,Anomaly_Splurge,-1
2025-10-16,Utilities,72.7,Normal,1
2025-10-16,Rent,1500.0,Normal,1
2025-10-17,Shopping,90.74,Normal,1
2025-10-17,Entertainment,68.47,Normal,1
2025-10-17,Food,21.4,Normal,1
2025-10-17,Shopping,62.25,Normal,1
2025-10-18,Transport,11.18,Normal,1
2025-10-18,Shopping,75.88,Normal,1
2025-10-19,Entertainment,22.49,Normal,1
2025-10-19,Transport,17.06,Normal,1
2025-10-19,Utilities,150.0,Anomaly_Double,1
2025-10-19,Transport,22.55,Normal,1
2025-10-19,Entertainment,85.79,Normal,1
2025-10-19,Utilities,150.0,Anomaly_Double,1
2025-10-21,Food,18.98,Normal,1
2025-10-22,Food,16.93,Normal,1
2025-10-22,Entertainment,76.16,Normal,1
2025-10-22,Shopping,12.59,Normal,1
2025-10-23,Utilities,68.5,Normal,1
2025-10-23,Rent,1500.0,Normal,1
2025-10-23,Utilities,91.58,Normal,1
2025-10-23,Transport,72.27,Normal,1
2025-10-23,Entertainment,95.26,Normal,1
2025-10-23,Transport,19.16,Normal,1
2025-10-23,Food,16.87,Normal,1
2025-10-23,Rent,1500.0,Normal,1
2025-10-23,Entertainment,92.79,Normal,1
2025-10-23,Rent,1500.0,Normal,1
2025-10-24,Entertainment,12.19,Normal,1
2025-10-24,Shopping,97.29,Normal,1
2025-10-24,Transport,98.64,Normal,1
2025-10-25,Rent,1500.0,Normal,1
2025-10-26,Entertainment,64.6,Normal,1
2025-10-27,Food,21.92,Normal,1
2025-10-27,Shopping,52.49,Normal,1
2025-10-27,Shopping,82.31,Normal,1
2025-10-27,Transport,79.51,Normal,1
2025-10-29,Utilities,54.34,Normal,1
2025-10-29,Transport,76.28,Normal,1
2025-10-29,Rent,1500.0,Normal,1
2025-10-29,Rent,1500.0,Normal,1
2025-10-29,Rent,1500.0,Normal,1
2025-10-30,Utilities,150.0,Anomaly_Double,1
2025-10-30,Utilities,150.0,Anomaly_Double,1
2025-10-30,Utilities,13.29,Normal,1
2025-10-30,Entertainment,97.46,Normal,1
2025-10-31,Utilities,150.0,Anomaly_Double,1
2025-10-31,Utilities,150.0,Anomaly_Double,1
2025-10-31,Utilities,20.52,Normal,1
2025-10-31,Food,21.19,Normal,1
2025-11-02,Food,29.08,Normal,1
2025-11-02,Transport,90.71,Normal,1
2025-11-02,Transport,59.67,Normal,1
2025-11-03,Shopping,64.96,Normal,1
2025-11-03,Transport,26.31,Normal,1
2025-11-03,Entertainment,31.96,Normal,1
2025-11-04,Food,22.46,Normal,1
2025-11-05,Entertainment,67.68,Normal,1
2025-11-05,Utilities,16.04,Normal,1
2025-11-06,Entertainment,82.73,Normal,1
2025-11-06,Rent,1500.0,Normal,1
2025-11-06,Food,20.55,Normal,1
2025-11-06,Transport,93.67,Normal,1
2025-11-07,Entertainment,62.53,Normal,1
2025-11-07,Entertainment,76.67,Normal,1
2025-11-07,Transport,26.02,Normal,1
2025-11-08,Entertainment,42.11,Normal,1
2025-11-08,Food,22.03,Normal,1
2025-11-08,Shopping,88.96,Normal,1
2025-11-08,Transport,87.95,Normal,1
2025-11-09,Food,19.84,Normal,1
2025-11-09,Entertainment,42.05,Normal,1
2025-11-09,Shopping,35.27,Normal,1
2025-11-10,Entertainment,90.28,Normal,1
2025-11-10,Entertainment,54.33,Normal,1
2025-11-10,Rent,1500.0,Normal,1
2025-11-11,Transport,88.9,Normal,1
2025-11-11,Rent,1500.0,Normal,1
2025-11-11,Rent,1500.0,Normal,1
2025-11-11,Food,27.21,Normal,1
2025-11-12,Entertainment,11.31,Normal,1
2025-11-12,Food,24.11,Normal,1
2025-11-13,Food,15.99,Normal,1
2025-11-13,Rent,1500.0,Normal,1
2025-11-14,Transport,62.5,Normal,1
2025-11-14,Rent,1500.0,Normal,1
2025-11-15,Rent,1500.0,Normal,1
2025-11-15,Entertainment,40.51,Normal,1
2025-11-15,Entertainment,83.91,Normal,1
2025-11-15,Shopping,82.26,Normal,1
2025-11-16,Rent,1500.0,Normal,1
2025-11-16,Food,18.45,Normal,1
2025-11-16,Shopping,78.21,Normal,1
2025-11-16,Utilities,66.49,Normal,1
2025-11-17,Rent,1500.0,Normal,1
2025-11-17,Entertainment,44.94,Normal,1
2025-11-17,Utilities,16.71,Normal,1
2025-11-17,Shopping,49.05,Normal,1
2025-11-17,Shopping,63.09,Normal,1
2025-11-17,Utilities,57.23,Normal,1
2025-11-18,Utilities,65.63,Normal,1
2025-11-18,Shopping,70.45,Normal,1
2025-11-18,Utilities,55.24,Normal,1
2025-11-18,Utilities,43.48,Normal,1
2025-11-19,Transport,61.61,Normal,1
2025-11-20,Utilities,76.7,Normal,1
2025-11-20,Entertainment,35.79,Normal,1
2025-11-21,Rent,1500.0,Normal,1
2025-11-21,Utilities,63.42,Normal,1
2025-11-21,Utilities,25.69,Normal,1
2025-11-22,Food,14.82,Normal,1
2025-11-22,Shopping,58.34,Normal,1
2025-11-23,Entertainment,74.44,Normal,1
2025-11-23,Utilities,31.39,Normal,1
2025-11-23,Food,16.38,Normal,1
2025-11-23,Entertainment,91.57,Normal,1
2025-11-23,Entertainment,78.0,Normal,1
2025-11-23,Rent,1500.0,Normal,1
2025-11-23,Rent,1500.0,Normal,1
2025-11-24,Rent,1500.0,Normal,1
2025-11-24,Transport,26.93,Normal,1
2025-11-25,Shopping,30.63,Normal,1
2025-11-25,Food,22.62,Normal,1
2025-11-25,Shopping,60.11,Normal,1
2025-11-26,Entertainment,14.65,Normal,1
2025-11-26,Shopping,42.68,Normal,1
2025-11-27,Entertainment,41.34,Normal,1
2025-11-28,Shopping,26.51,Normal,1
2025-11-28,Transport,19.71,Normal,1
2025-11-28,Utilities,24.04,Normal,1
2025-11-28,Shopping,10.63,Normal,1
2025-11-29,Rent,1500.0,Normal,1
2025-11-29,Utilities,37.12,Normal,1
2025-11-29,Rent,1500.0,Normal,1
2025-11-29,Entertainment,40.39,Normal,1
2025-11-30,Utilities,88.96,Normal,1
2025-11-30,Entertainment,46.31,Normal,1
2025-12-01,Food,17.83,Normal,1
2025-12-01,Transport,40.01,Normal,1
2025-12-01,Entertainment,47.32,Normal,1
2025-12-02,Transport,64.56,Normal,1
2025-12-02,Food,18.28,Normal,1
2025-12-02,Food,12.0,Normal,1
2025-12-03,Shopping,54.75,Normal,1
2025-12-03,Utilities,12.09,Normal,1
2025-12-03,Shopping,20.01,Normal,1
2025-12-03,Food,18.49,Normal,1
2025-12-03,Entertainment,57.93,Normal,1
2025-12-03,Entertainment,49.67,Normal,1
2025-12-03,Utilities,26.37,Normal,1
2025-12-04,Utilities,150.0,Anomaly_Double,-1
2025-12-04,Utilities,150.0,Anomaly_Double,-1
2025-12-04,Rent,1500.0,Normal,1
2025-12-04,Shopping,47.07,Normal,1
2025-12-04,Food,27.48,Normal,1
2025-12-04,Utilities,47.7,Normal,1
2025-12-05,Food,19.2,Normal,1
2025-12-06,Food,19.42,Normal,1
2025-12-06,Entertainment,97.25,Normal,1
2025-12-06,Rent,1500.0,Normal,1
2025-12-06,Utilities,97.57,Normal,1
2025-12-06,Shopping,46.81,Normal,1
2025-12-06,Entertainment,40.17,Normal,1
2025-12-06,Transport,87.08,Normal,1
2025-12-07,Utilities,52.18,Normal,1
2025-12-07,Food,19.46,Normal,1
2025-12-07,Transport,87.26,Normal,1
2025-12-07,Transport,85.45,Normal,1
2025-12-08,Rent,1500.0,Normal,1
2025-12-08,Shopping,43.31,Normal,1
2025-12-08,Utilities,17.82,Normal,1
2025-12-08,Utilities,45.76,Normal,1
2025-12-09,Transport,61.45,Normal,1
2025-12-09,Shopping,81.76,Normal,1
2025-12-10,Food,13.9,Normal,1
2025-12-10,Entertainment,86.43,Normal,1
2025-12-12,Food,18.45,Normal,1
2025-12-12,Utilities,85.24,Normal,1
2025-12-12,Entertainment,71.12,Normal,1
2025-12-13,Rent,1500.0,Normal,-1
2025-12-14,Food,32.17,Normal,1
2025-12-14,Rent,1500.0,Normal,-1
2025-12-14,Entertainment,29.11,Normal,1
2025-12-15,Transport,55.53,Normal,1
2025-12-15,Shopping,51.58,Normal,1
2025-12-16,Food,23.91,Normal,1
2025-12-16,Rent,1500.0,Normal,-1
2025-12-16,Utilities,56.02,Normal,1
2025-12-17,Utilities,34.23,Normal,1
2025-12-17,Rent,1500.0,Normal,-1
2025-12-18,Food,21.65,Normal,1
2025-12-18,Transport,63.81,Normal,1
2025-12-18,Entertainment,31.82,Normal,1
2025-12-18,Rent,1500.0,Normal,-1
2025-12-19,Rent,1500.0,Normal,-1
2025-12-19,Entertainment,37.99,Normal,1
2025-12-20,Entertainment,68.09,Normal,1
2025-12-20,Entertainment,20.63,Normal,1
2025-12-20,Shopping,47.14,Normal,1
2025-12-21,Shopping,75.02,Normal,1
2025-12-21,Transport,36.42,Normal,1
2025-12-21,Rent,1500.0,Normal,-1
2025-12-21,Entertainment,80.19,Normal,-1
2025-12-22,Transport,39.27,Normal,1
2025-12-22,Entertainment,24.05,Normal,1
2025-12-22,Food,15.66,Normal,1
2025-12-23,Transport,27.57,Normal,1
2025-12-23,Utilities,48.18,Normal,1
2025-12-23,Utilities,75.78,Normal,1
2025-12-24,Entertainment,70.44,Normal,1
2025-12-24,Rent,1500.0,Normal,-1
2025-12-24,Utilities,82.56,Normal,1
2025-12-24,Shopping,54.5,Normal,1
2025-12-25,Food,20.34,Normal,1
2025-12-25,Entertainment,99.15,Normal,-1
2025-12-25,Utilities,65.03,Normal,1
2025-12-26,Shopping,94.09,Normal,1
2025-12-27,Shopping,47.64,Normal,1
2025-12-27,Transport,75.35,Normal,1
2025-12-28,Transport,42.73,Normal,1
2025-12-28,Transport,51.9,Normal,1
2025-12-28,Rent,1500.0,Normal,-1
2025-12-28,Utilities,15.07,Normal,1
2025-12-29,Rent,1500.0,Normal,-1
2025-12-29,Transport,23.54,Normal,1
2025-12-29,Shopping,4392.542537175434,Anomaly_Splurge,-1
2025-12-29,Entertainment,98.41,Normal,-1
2025-12-30,Shopping,27.31,Normal,1
2025-12-31,Transport,29.42,Normal,1
2025-12-31,Rent,1500.0,Normal,-1
2025-12-31,Entertainment,39.01,Normal,-1
2025-12-31,Transport,77.14,Normal,1
2025-12-31,Rent,1500.0,Normal,-1
2026-01-01,Entertainment,23.89,Normal,-1
2026-01-01,Utilities,99.97,Normal,-1
2026-01-01,Shopping,35.19,Normal,1
2026-01-01,Food,16.11,Normal,1
2026-01-01,Rent,1500.0,Normal,-1
